<message>
  <serviceResponse returnCode="OK">
    <carCategoryList>
      <carCategory carCategoryAirCond="Y" carCategoryAutomatic="Y" carCategoryBaggageQuantity="2" carCategoryCO2Quantity="159" carCategoryCode="CDAR" carCategoryDoors="4" carCategoryModelHeight="1.5" carCategoryModelLength="4.05" carCategoryModelWidth="1.73" carCategoryName="COMPACT 4 DOORS,AUTOMATIC,A/C" carCategoryPowerHP="150" carCategoryPowerKW="82" carCategorySample="MG 3 CORE" carCategorySeats="5" carCategoryStatusCode="F" carType="CR" fuelTypeCode="UL" />
      <carCategory carCategoryAirCond="Y" carCategoryAutomatic="Y" carCategoryBaggageQuantity="3" carCategoryCO2Quantity="160" carCategoryCode="CFAR" carCategoryDoors="4" carCategoryModelHeight="1.6" carCategoryModelLength="4.21" carCategoryModelWidth="1.8" carCategoryName="COMPACT , SUV , AUTOMATIC" carCategoryPowerHP="180" carCategoryPowerKW="84" carCategorySample="NISSAN JUKE" carCategorySeats="5" carCategoryStatusCode="F" carType="CR" fuelTypeCode="UL" />
      <carCategory carCategoryAirCond="Y" carCategoryAutomatic="Y" carCategoryBaggageQuantity="3" carCategoryCO2Quantity="119" carCategoryCode="DFAR" carCategoryDoors="4" carCategoryModelHeight="1.51" carCategoryModelLength="4.21" carCategoryModelWidth="1.79" carCategoryName="COMPACTE ELITE,SUV,4 DRS,AUTO,A/C" carCategoryPowerHP="147" carCategoryPowerKW="110" carCategorySample="AUDI Q2" carCategorySeats="5" carCategoryStatusCode="F" carCategoryType="Eco-responsable" carType="CR" fuelTypeCode="UL" />
      <carCategory carCategoryAirCond="Y" carCategoryAutomatic="Y" carCategoryBaggageQuantity="3" carCategoryCO2Quantity="164" carCategoryCode="DFFR" carCategoryDoors="4" carCategoryModelHeight="1.64" carCategoryModelLength="4.5" carCategoryModelWidth="1.85" carCategoryName="BMW - X1" carCategoryPowerHP="230" carCategoryPowerKW="115" carCategorySample="BMW X1" carCategorySeats="5" carCategoryStatusCode="F" carType="CR" fuelTypeCode="UL" />
      <carCategory carCategoryAirCond="Y" carCategoryAutomatic="Y" carCategoryBaggageQuantity="3" carCategoryCO2Quantity="0" carCategoryCode="ICAE" carCategoryDoors="4" carCategoryModelHeight="1.54" carCategoryModelLength="4.32" carCategoryModelWidth="1.81" carCategoryName="INTERMEDIATE,2/4 DOORS,AUTO,ELEC" carCategoryPowerHP="228" carCategoryPowerKW="170" carCategorySample="CUPRA BORN EV" carCategorySeats="5" carCategoryStatusCode="F" carCategoryType="Electric" carType="CR" fuelTypeCode="EL" />
      <carCategory carCategoryAirCond="Y" carCategoryAutomatic="Y" carCategoryBaggageQuantity="3" carCategoryCO2Quantity="175" carCategoryCode="ICAR" carCategoryDoors="4" carCategoryModelHeight="1.51" carCategoryModelLength="4.45" carCategoryModelWidth="1.84" carCategoryName="INTERMEDIATE,2/4 DOORS,AUTO,A/C" carCategoryPowerHP="305" carCategoryPowerKW="228" carCategorySample="CUPRA FORMENTOR" carCategorySeats="5" carCategoryStatusCode="F" carType="CR" fuelTypeCode="UL" />
      <carCategory carCategoryAirCond="Y" carCategoryAutomatic="Y" carCategoryBaggageQuantity="2" carCategoryCO2Quantity="0" carCategoryCode="IDAE" carCategoryDoors="4" carCategoryModelHeight="1.5" carCategoryModelLength="4.28" carCategoryModelWidth="1.84" carCategoryName="INTERMEDIATE, 5-DR, AUTOMATIC, ELEC" carCategoryPowerHP="167" carCategoryPowerKW="125" carCategorySample="MG 4 EXCITE" carCategorySeats="5" carCategoryStatusCode="F" carCategoryType="Electric" carType="CR" fuelTypeCode="EL" />
      <carCategory carCategoryAirCond="Y" carCategoryAutomatic="Y" carCategoryBaggageQuantity="3" carCategoryCO2Quantity="120" carCategoryCode="IDAR" carCategoryDoors="5" carCategoryModelHeight="1.47" carCategoryModelLength="4.36" carCategoryModelWidth="1.79" carCategoryName="INTERMEDIATE,4 DOORS,AUTO,A/C" carCategoryPowerHP="113" carCategoryPowerKW="85" carCategorySample="SKODA SCALA" carCategorySeats="5" carCategoryStatusCode="F" carCategoryType="Eco-responsable" carType="CR" fuelTypeCode="UL" />
      <carCategory carCategoryAirCond="Y" carCategoryAutomatic="Y" carCategoryBaggageQuantity="3" carCategoryCO2Quantity="143" carCategoryCode="JDAR" carCategoryDoors="4" carCategoryModelHeight="1.41" carCategoryModelLength="4.45" carCategoryModelWidth="1.79" carCategoryName="INTERMEDIATE PRESTIGE 4DR,AUTO,AC" carCategoryPowerHP="147" carCategoryPowerKW="110" carCategorySample="AUDI A3" carCategorySeats="5" carCategoryStatusCode="F" carType="CR" fuelTypeCode="UL" />
      <carCategory carCategoryAirCond="Y" carCategoryAutomatic="Y" carCategoryBaggageQuantity="3" carCategoryCO2Quantity="143" carCategoryCode="JFAR" carCategoryDoors="5" carCategoryModelHeight="1.66" carCategoryModelLength="4.68" carCategoryModelWidth="1.89" carCategoryName="INTERMEDIATE ELITE SUV,AUTOM, AC" carCategoryPowerHP="201" carCategoryPowerKW="150" carCategorySample="AUDI Q5" carCategorySeats="5" carCategoryStatusCode="F" carType="CR" fuelTypeCode="DS" />
      <carCategory carCategoryAirCond="Y" carCategoryAutomatic="Y" carCategoryBaggageQuantity="2" carCategoryCO2Quantity="157" carCategoryCode="IFAR" carCategoryDoors="4" carCategoryModelHeight="1.65" carCategoryModelLength="4.32" carCategoryModelWidth="1.81" carCategoryName="INTERMEDIATE , 2WD AUTOMATIC" carCategoryPowerHP="150" carCategoryPowerKW="84" carCategorySample="MG ZS EXCITE" carCategorySeats="5" carCategoryStatusCode="F" carType="CR" fuelTypeCode="UL" />
      <carCategory carCategoryAirCond="Y" carCategoryAutomatic="Y" carCategoryBaggageQuantity="3" carCategoryCO2Quantity="165" carCategoryCode="IFDR" carCategoryDoors="4" carCategoryModelHeight="1.6" carCategoryModelLength="4.5" carCategoryModelWidth="1.8" carCategoryName="INTERMEDIATE,SUV,AUTO AWD,AC" carCategoryPowerHP="154" carCategoryPowerKW="115" carCategorySample="SUBARU CROSSTREK" carCategorySeats="5" carCategoryStatusCode="F" carType="CR" fuelTypeCode="UL" />
      <carCategory carCategoryAirCond="Y" carCategoryAutomatic="Y" carCategoryBaggageQuantity="3" carCategoryCO2Quantity="0" carCategoryCode="SDAE" carCategoryDoors="4" carCategoryModelHeight="1.55" carCategoryModelLength="4.69" carCategoryModelWidth="1.89" carCategoryName="STANDARD,4-5 D,AUTO,ELECTRIC" carCategoryPowerHP="225" carCategoryPowerKW="168" carCategorySample="KIA EV6" carCategorySeats="5" carCategoryStatusCode="F" carCategoryType="Electric" carType="CR" fuelTypeCode="EL" />
      <carCategory carCategoryAirCond="Y" carCategoryAutomatic="Y" carCategoryBaggageQuantity="3" carCategoryCO2Quantity="156" carCategoryCode="SDAR" carCategoryDoors="4" carCategoryModelHeight="1.48" carCategoryModelLength="4.68" carCategoryModelWidth="1.84" carCategoryName="STANDARD, 4 DOORS, AUTOMATIC, A/C" carCategoryPowerHP="150" carCategoryPowerKW="84" carCategorySample="MG 5" carCategorySeats="5" carCategoryStatusCode="F" carType="CR" fuelTypeCode="UL" />
      <carCategory carCategoryAirCond="Y" carCategoryAutomatic="Y" carCategoryBaggageQuantity="3" carCategoryCO2Quantity="155" carCategoryCode="SFAH" carCategoryDoors="4" carCategoryModelHeight="31.12" carCategoryModelLength="3.1" carCategoryModelWidth="1.85" carCategoryName="STANDARD , SUV, AUTOMAT HY" carCategoryPowerHP="175" carCategoryPowerKW="131" carCategorySample="TOYOTA RAV4 HYBRID" carCategorySeats="5" carCategoryStatusCode="F" carCategoryType="Hybrid" carType="CR" fuelTypeCode="UL" />
      <carCategory carCategoryAirCond="Y" carCategoryAutomatic="Y" carCategoryBaggageQuantity="4" carCategoryCO2Quantity="170" carCategoryCode="SFAR" carCategoryDoors="4" carCategoryModelHeight="1.69" carCategoryModelLength="4.57" carCategoryModelWidth="1.88" carCategoryName="STANDARD, SUV, AUTOMATIC" carCategoryPowerHP="250" carCategoryPowerKW="119" carCategorySample="MG HS VIBE" carCategorySeats="5" carCategoryStatusCode="F" carType="CR" fuelTypeCode="UL" />
      <carCategory carCategoryAirCond="Y" carCategoryAutomatic="Y" carCategoryBaggageQuantity="3" carCategoryCO2Quantity="220" carCategoryCode="SFBD" carCategoryDoors="4" carCategoryModelHeight="1.87" carCategoryModelLength="5.33" carCategoryModelWidth="2.02" carCategoryName="STANDARD, SUV, 4WD,DIESEL,AC" carCategoryPowerHP="201" carCategoryPowerKW="150" carCategorySample="TOYOTA HILUX" carCategorySeats="5" carCategoryStatusCode="R" carType="CR" fuelTypeCode="DS" />
      <carCategory carCategoryAirCond="Y" carCategoryAutomatic="Y" carCategoryBaggageQuantity="3" carCategoryCO2Quantity="195" carCategoryCode="SFBR" carCategoryDoors="4" carCategoryModelHeight="1.85" carCategoryModelLength="5.4" carCategoryModelWidth="1.85" carCategoryName="STANDARD,SUV,4WD,AUTO,A/C" carCategoryPowerHP="210" carCategoryPowerKW="157" carCategorySample="FORD RANGER WILDTRAK" carCategorySeats="5" carCategoryStatusCode="F" carType="CR" fuelTypeCode="DS" />
      <carCategory carCategoryAirCond="Y" carCategoryAutomatic="Y" carCategoryBaggageQuantity="3" carCategoryCO2Quantity="187" carCategoryCode="SFDR" carCategoryDoors="4" carCategoryModelHeight="1.73" carCategoryModelLength="4.63" carCategoryModelWidth="1.82" carCategoryName="STANDARD,SUV,AUTO AWD,AIR CO" carCategoryPowerHP="182" carCategoryPowerKW="136" carCategorySample="SUBARU FORESTER" carCategorySeats="5" carCategoryStatusCode="F" carType="CR" fuelTypeCode="UL" />
      <carCategory carCategoryAirCond="Y" carCategoryAutomatic="Y" carCategoryBaggageQuantity="3" carCategoryCO2Quantity="214" carCategoryCode="SFGV" carCategoryDoors="5" carCategoryModelHeight="1.56" carCategoryModelLength="4.5" carCategoryModelWidth="1.8" carCategoryName="MB - GLA - PETROL" carCategoryPowerHP="147" carCategoryPowerKW="110" carCategorySample="AUDI Q3 35" carCategorySeats="5" carCategoryStatusCode="F" carType="CR" fuelTypeCode="UL" />
      <carCategory carCategoryAirCond="Y" carCategoryAutomatic="Y" carCategoryBaggageQuantity="3" carCategoryCO2Quantity="0" carCategoryCode="FDFE" carCategoryDoors="4" carCategoryModelHeight="1.45" carCategoryModelLength="4.78" carCategoryModelWidth="1.85" carCategoryName="BMW - I4 EDRIVE - ELECTRIC" carCategoryPowerHP="282" carCategoryPowerKW="210" carCategorySample="BMW I4 EDRIVE" carCategorySeats="5" carCategoryStatusCode="F" carCategoryType="Electric" carType="CR" fuelTypeCode="EL" />
      <carCategory carCategoryAirCond="Y" carCategoryAutomatic="Y" carCategoryBaggageQuantity="4" carCategoryCO2Quantity="269" carCategoryCode="GFAR" carCategoryDoors="4" carCategoryModelHeight="1.72" carCategoryModelLength="4.85" carCategoryModelWidth="1.92" carCategoryName="FULL SIZE ELITE,SUV,AUTO 2WD" carCategoryPowerHP="285" carCategoryPowerKW="210" carCategorySample="TOYOTA KLUGER" carCategorySeats="5" carCategoryStatusCode="R" carType="CR" fuelTypeCode="UL" />
      <carCategory carCategoryAirCond="Y" carCategoryAutomatic="Y" carCategoryBaggageQuantity="4" carCategoryCO2Quantity="295" carCategoryCode="FFAR" carCategoryDoors="4" carCategoryModelHeight="1.84" carCategoryModelLength="4.89" carCategoryModelWidth="1.86" carCategoryName="FULL SIZE , SUV, AUTOMA" carCategoryPowerHP="191" carCategoryPowerKW="143" carCategorySample="FORD EVEREST TREND" carCategorySeats="5" carCategoryStatusCode="F" carType="CR" fuelTypeCode="DS" />
      <carCategory carCategoryAirCond="Y" carCategoryAutomatic="Y" carCategoryBaggageQuantity="1" carCategoryCO2Quantity="150" carCategoryCode="GWAR" carCategoryDoors="4" carCategoryModelHeight="1.61" carCategoryModelLength="4.38" carCategoryModelWidth="1.84" carCategoryName="FULLSIZE ELITE,WAGON,AUTO, A/C" carCategoryPowerHP="296" carCategoryPowerKW="221" carCategorySample="CUPRA ATECA VZX" carCategorySeats="5" carCategoryStatusCode="F" carType="CR" fuelTypeCode="UL" />
      <carCategory carCategoryAirCond="Y" carCategoryAutomatic="Y" carCategoryBaggageQuantity="3" carCategoryCO2Quantity="168" carCategoryCode="FWAR" carCategoryDoors="4" carCategoryModelHeight="1.68" carCategoryModelLength="4.87" carCategoryModelWidth="1.88" carCategoryName="FULL SIZE , WAGON , AUTOMATIC , HA" carCategoryPowerHP="185" carCategoryPowerKW="138" carCategorySample="SUBARU OUTBACK" carCategorySeats="5" carCategoryStatusCode="F" carType="CR" fuelTypeCode="UL" />
      <carCategory carCategoryAirCond="Y" carCategoryAutomatic="Y" carCategoryBaggageQuantity="3" carCategoryCO2Quantity="215" carCategoryCode="UFAD" carCategoryDoors="4" carCategoryModelHeight="1.74" carCategoryModelLength="5.06" carCategoryModelWidth="1.97" carCategoryName="PREMIUM ELITE,SUV,AUTO,DIESEL,AC" carCategoryPowerHP="335" carCategoryPowerKW="250" carCategorySample="AUDI Q7" carCategorySeats="5" carCategoryStatusCode="F" carType="CR" fuelTypeCode="UL" />
      <carCategory carCategoryAirCond="Y" carCategoryAutomatic="Y" carCategoryBaggageQuantity="4" carCategoryCO2Quantity="224" carCategoryCode="PFAR" carCategoryDoors="4" carCategoryModelHeight="1.84" carCategoryModelLength="4.91" carCategoryModelWidth="2.2" carCategoryName="PREMIUM , SUV, AUTOMATIC" carCategoryPowerHP="246" carCategoryPowerKW="184" carCategorySample="FORD EVEREST" carCategorySeats="7" carCategoryStatusCode="R" carType="CR" fuelTypeCode="DS" />
      <carCategory carCategoryAirCond="Y" carCategoryAutomatic="Y" carCategoryBaggageQuantity="3" carCategoryCO2Quantity="271" carCategoryCode="PVAR" carCategoryDoors="4" carCategoryModelHeight="1.75" carCategoryModelLength="5.11" carCategoryModelWidth="1.98" carCategoryName="PREMIUM, VAN, AUTOMATIC, A/C" carCategoryPowerHP="276" carCategoryPowerKW="206" carCategorySample="KIA CARNIVAL" carCategorySeats="8" carCategoryStatusCode="F" carType="CR" fuelTypeCode="DS" />
      <carCategory carCategoryAirCond="Y" carCategoryAutomatic="Y" carCategoryBaggageQuantity="3" carCategoryCO2Quantity="259" carCategoryCode="PVAV" carCategoryDoors="4" carCategoryModelHeight="1.76" carCategoryModelLength="5.13" carCategoryModelWidth="1.98" carCategoryName="PREMIUM, VAN, AUTO, PETROL AIR" carCategoryPowerHP="274" carCategoryPowerKW="202" carCategorySample="KIA MOBILITY VEHICLE WITH WHEELCHAIR LIFT" carCategorySeats="5" carCategoryStatusCode="R" carType="CR" fuelTypeCode="UL" />
      <carCategory carCategoryAirCond="Y" carCategoryAutomatic="Y" carCategoryBaggageQuantity="1" carCategoryCO2Quantity="150" carCategoryCode="PZAR" carCategoryDoors="4" carCategoryName="PREMIUM,4 DOORS,AUTOMATIC,A/C" carCategorySample="PRESTIGE MYSTERY CAR" carCategorySeats="5" carCategoryStatusCode="F" carType="CR" fuelTypeCode="UL" />
      <carCategory carCategoryAirCond="Y" carCategoryAutomatic="Y" carCategoryBaggageQuantity="3" carCategoryCO2Quantity="149" carCategoryCode="LDAR" carCategoryDoors="4" carCategoryModelHeight="1.46" carCategoryModelLength="4.92" carCategoryModelWidth="1.87" carCategoryName="LUXURY, 4 DOORS, AUTOMATIC,  A/C" carCategoryPowerHP="179" carCategoryPowerKW="132" carCategorySample="AUDI A6" carCategorySeats="5" carCategoryStatusCode="F" carType="CR" fuelTypeCode="UL" />
      <carCategory carCategoryAirCond="Y" carCategoryAutomatic="Y" carCategoryBaggageQuantity="3" carCategoryCO2Quantity="0" carCategoryCode="LFAE" carCategoryDoors="4" carCategoryModelHeight="1.62" carCategoryModelLength="4.75" carCategoryModelWidth="1.92" carCategoryName="LUXURY, SUV, AUTO, ELECTRIC" carCategoryPowerHP="462" carCategoryPowerKW="340" carCategorySample="TESLA MODEL Y" carCategorySeats="5" carCategoryStatusCode="F" carCategoryType="Electric" carType="CR" fuelTypeCode="EL" />
      <carCategory carCategoryAirCond="N" carCategoryAutomatic="Y" carCategoryBaggageQuantity="2" carCategoryCO2Quantity="187" carCategoryCode="KMLW" carCategoryDoors="2" carCategoryModelHeight="2.9" carCategoryModelLength="6.05" carCategoryModelMaxWeight="1565.0" carCategoryModelWeight="800.0" carCategoryModelWidth="2.01" carCategoryName="MEDIUM COMMERCIAL VAN, INT MAN BOX" carCategoryPowerHP="126" carCategoryPowerKW="93" carCategorySample="IVECO DAILY VAN" carCategorySeats="3" carCategoryStatusCode="F" carCategoryStorageHeight="1.9" carCategoryStorageLength="3.54" carCategoryStorageWidth="1.74" carType="TR" fuelTypeCode="DS" />
      <carCategory carCategoryAirCond="N" carCategoryAutomatic="Y" carCategoryCO2Quantity="242" carCategoryCode="KPLW" carCategoryDoors="2" carCategoryModelHeight="2.0" carCategoryModelLength="5.27" carCategoryModelWidth="1.95" carCategoryName="SMALL COMMERCIAL VAN,INT.BOX, AUTO." carCategoryPowerHP="174" carCategoryPowerKW="130" carCategorySample="TOYOTA HIACE VAN" carCategorySeats="2" carCategoryStatusCode="F" carCategoryStorageHeight="1.34" carCategoryStorageLength="2.53" carCategoryStorageWidth="1.67" carType="TR" fuelTypeCode="DS" />
      <carCategory carCategoryAirCond="Y" carCategoryAutomatic="Y" carCategoryCO2Quantity="245" carCategoryCode="TMEL" carCategoryDoors="2" carCategoryModelHeight="3.26" carCategoryModelLength="6.1" carCategoryModelWeight="2530.0" carCategoryModelWidth="1.92" carCategoryName="MEDIUM TRUCK, BOX, TAIL LIFT, AUTO." carCategoryPowerHP="147" carCategoryPowerKW="110" carCategorySample="ISUZU MOVING TRUCK (CAR LICENCE)" carCategorySeats="2" carCategoryStatusCode="F" carCategoryStorageHeight="2.1" carCategoryStorageLength="4.2" carCategoryStorageWidth="2.1" carType="TR" fuelTypeCode="DS" />
      <carCategory carCategoryAirCond="Y" carCategoryAutomatic="Y" carCategoryBaggageQuantity="1" carCategoryCO2Quantity="200" carCategoryCode="XZAR" carCategoryDoors="4" carCategoryName="SPECIAL, PROTMOTION, AUTO UNSPC" carCategorySample="MYSTERY CAR" carCategorySeats="5" carCategoryStatusCode="F" carType="CR" fuelTypeCode="UL" />
    </carCategoryList>
  </serviceResponse>
</message>
